image,label
image/JPCLN137.png,label/JPCLN137.png
image/JPCLN144.png,label/JPCLN144.png
image/JPCLN110.png,label/JPCLN110.png
image/JPCLN031.png,label/JPCLN031.png
image/JPCNN034.png,label/JPCNN034.png
image/JPCLN153.png,label/JPCLN153.png
image/JPCNN048.png,label/JPCNN048.png
image/JPCNN011.png,label/JPCNN011.png
image/JPCLN143.png,label/JPCLN143.png
image/JPCLN013.png,label/JPCLN013.png
image/JPCLN032.png,label/JPCLN032.png
image/JPCLN132.png,label/JPCLN132.png
image/JPCLN133.png,label/JPCLN133.png
image/JPCNN013.png,label/JPCNN013.png
image/JPCNN036.png,label/JPCNN036.png
image/JPCNN061.png,label/JPCNN061.png
image/JPCLN058.png,label/JPCLN058.png
image/JPCLN121.png,label/JPCLN121.png
image/JPCLN029.png,label/JPCLN029.png
image/JPCNN072.png,label/JPCNN072.png
image/JPCNN041.png,label/JPCNN041.png
image/JPCLN150.png,label/JPCLN150.png
image/JPCLN072.png,label/JPCLN072.png
image/JPCNN016.png,label/JPCNN016.png
image/JPCLN112.png,label/JPCLN112.png
image/JPCLN145.png,label/JPCLN145.png
image/JPCLN139.png,label/JPCLN139.png
image/JPCLN081.png,label/JPCLN081.png
image/JPCNN024.png,label/JPCNN024.png
image/JPCLN028.png,label/JPCLN028.png
image/JPCLN140.png,label/JPCLN140.png
image/JPCNN017.png,label/JPCNN017.png
image/JPCLN012.png,label/JPCLN012.png
image/JPCLN083.png,label/JPCLN083.png
image/JPCLN071.png,label/JPCLN071.png
image/JPCNN063.png,label/JPCNN063.png
image/JPCNN073.png,label/JPCNN073.png
image/JPCLN125.png,label/JPCLN125.png
image/JPCLN076.png,label/JPCLN076.png
image/JPCLN123.png,label/JPCLN123.png
image/JPCNN082.png,label/JPCNN082.png
image/JPCLN020.png,label/JPCLN020.png
image/JPCLN007.png,label/JPCLN007.png
image/JPCNN049.png,label/JPCNN049.png
image/JPCNN010.png,label/JPCNN010.png
image/JPCNN050.png,label/JPCNN050.png
image/JPCNN066.png,label/JPCNN066.png
image/JPCLN047.png,label/JPCLN047.png
image/JPCLN119.png,label/JPCLN119.png
image/JPCLN034.png,label/JPCLN034.png
image/JPCLN097.png,label/JPCLN097.png
image/JPCNN086.png,label/JPCNN086.png
image/JPCLN004.png,label/JPCLN004.png
image/JPCLN090.png,label/JPCLN090.png
image/JPCLN051.png,label/JPCLN051.png
image/JPCNN058.png,label/JPCNN058.png
image/JPCNN088.png,label/JPCNN088.png
image/JPCNN022.png,label/JPCNN022.png
image/JPCNN033.png,label/JPCNN033.png
image/JPCLN079.png,label/JPCLN079.png
image/JPCLN134.png,label/JPCLN134.png
image/JPCLN078.png,label/JPCLN078.png
image/JPCNN018.png,label/JPCNN018.png
image/JPCLN049.png,label/JPCLN049.png
image/JPCNN046.png,label/JPCNN046.png
image/JPCLN103.png,label/JPCLN103.png
image/JPCLN127.png,label/JPCLN127.png
image/JPCNN056.png,label/JPCNN056.png
image/JPCLN030.png,label/JPCLN030.png
image/JPCNN065.png,label/JPCNN065.png
image/JPCLN093.png,label/JPCLN093.png
image/JPCNN068.png,label/JPCNN068.png
image/JPCNN043.png,label/JPCNN043.png
image/JPCNN055.png,label/JPCNN055.png
image/JPCNN031.png,label/JPCNN031.png
image/JPCLN009.png,label/JPCLN009.png
image/JPCNN045.png,label/JPCNN045.png
image/JPCLN066.png,label/JPCLN066.png
image/JPCLN088.png,label/JPCLN088.png
image/JPCNN054.png,label/JPCNN054.png
image/JPCLN063.png,label/JPCLN063.png
image/JPCLN096.png,label/JPCLN096.png
image/JPCNN007.png,label/JPCNN007.png
image/JPCLN152.png,label/JPCLN152.png
image/JPCNN057.png,label/JPCNN057.png
image/JPCLN089.png,label/JPCLN089.png
image/JPCLN111.png,label/JPCLN111.png
image/JPCLN055.png,label/JPCLN055.png
image/JPCLN130.png,label/JPCLN130.png
image/JPCLN056.png,label/JPCLN056.png
image/JPCLN059.png,label/JPCLN059.png
image/JPCLN129.png,label/JPCLN129.png
image/JPCLN060.png,label/JPCLN060.png
image/JPCLN070.png,label/JPCLN070.png
image/JPCLN104.png,label/JPCLN104.png
image/JPCLN021.png,label/JPCLN021.png
image/JPCNN079.png,label/JPCNN079.png
image/JPCNN032.png,label/JPCNN032.png
image/JPCLN062.png,label/JPCLN062.png
image/JPCLN126.png,label/JPCLN126.png
image/JPCLN001.png,label/JPCLN001.png
image/JPCNN026.png,label/JPCNN026.png
image/JPCNN062.png,label/JPCNN062.png
image/JPCLN148.png,label/JPCLN148.png
image/JPCNN014.png,label/JPCNN014.png
image/JPCLN113.png,label/JPCLN113.png
image/JPCLN036.png,label/JPCLN036.png
image/JPCLN061.png,label/JPCLN061.png
image/JPCLN068.png,label/JPCLN068.png
image/JPCNN009.png,label/JPCNN009.png
image/JPCNN090.png,label/JPCNN090.png
image/JPCLN151.png,label/JPCLN151.png
image/JPCLN108.png,label/JPCLN108.png
image/JPCNN047.png,label/JPCNN047.png
image/JPCLN038.png,label/JPCLN038.png
image/JPCLN006.png,label/JPCLN006.png
image/JPCLN114.png,label/JPCLN114.png
image/JPCLN094.png,label/JPCLN094.png
image/JPCNN004.png,label/JPCNN004.png
image/JPCNN015.png,label/JPCNN015.png
image/JPCNN059.png,label/JPCNN059.png
image/JPCLN095.png,label/JPCLN095.png
image/JPCNN067.png,label/JPCNN067.png
image/JPCNN005.png,label/JPCNN005.png
image/JPCLN091.png,label/JPCLN091.png
image/JPCNN077.png,label/JPCNN077.png
image/JPCLN106.png,label/JPCLN106.png
image/JPCNN042.png,label/JPCNN042.png
image/JPCLN117.png,label/JPCLN117.png
image/JPCLN075.png,label/JPCLN075.png
image/JPCLN077.png,label/JPCLN077.png
image/JPCLN054.png,label/JPCLN054.png
image/JPCNN052.png,label/JPCNN052.png
image/JPCNN006.png,label/JPCNN006.png
image/JPCLN019.png,label/JPCLN019.png
image/JPCLN046.png,label/JPCLN046.png
image/JPCLN011.png,label/JPCLN011.png
image/JPCLN102.png,label/JPCLN102.png
image/JPCNN093.png,label/JPCNN093.png
image/JPCLN040.png,label/JPCLN040.png
image/JPCLN037.png,label/JPCLN037.png
image/JPCNN008.png,label/JPCNN008.png
image/JPCLN099.png,label/JPCLN099.png
image/JPCLN043.png,label/JPCLN043.png
image/JPCNN020.png,label/JPCNN020.png
image/JPCNN085.png,label/JPCNN085.png
image/JPCLN124.png,label/JPCLN124.png
image/JPCNN070.png,label/JPCNN070.png
image/JPCLN050.png,label/JPCLN050.png
image/JPCLN026.png,label/JPCLN026.png
image/JPCNN075.png,label/JPCNN075.png
image/JPCNN080.png,label/JPCNN080.png
image/JPCNN002.png,label/JPCNN002.png
image/JPCLN087.png,label/JPCLN087.png
image/JPCNN030.png,label/JPCNN030.png
image/JPCLN024.png,label/JPCLN024.png
image/JPCLN022.png,label/JPCLN022.png
image/JPCLN085.png,label/JPCLN085.png
image/JPCLN014.png,label/JPCLN014.png
image/JPCLN018.png,label/JPCLN018.png
image/JPCNN012.png,label/JPCNN012.png
image/JPCLN142.png,label/JPCLN142.png
image/JPCLN053.png,label/JPCLN053.png
image/JPCNN028.png,label/JPCNN028.png
image/JPCLN149.png,label/JPCLN149.png
image/JPCLN128.png,label/JPCLN128.png
image/JPCLN141.png,label/JPCLN141.png
image/JPCNN092.png,label/JPCNN092.png
image/JPCLN016.png,label/JPCLN016.png
image/JPCLN067.png,label/JPCLN067.png
image/JPCLN042.png,label/JPCLN042.png
image/JPCNN084.png,label/JPCNN084.png
image/JPCLN109.png,label/JPCLN109.png
image/JPCLN035.png,label/JPCLN035.png
image/JPCNN087.png,label/JPCNN087.png
image/JPCLN146.png,label/JPCLN146.png
image/JPCLN154.png,label/JPCLN154.png
image/JPCLN002.png,label/JPCLN002.png
image/JPCLN003.png,label/JPCLN003.png
image/JPCNN021.png,label/JPCNN021.png
image/JPCLN105.png,label/JPCLN105.png
image/JPCLN052.png,label/JPCLN052.png
image/JPCNN029.png,label/JPCNN029.png
image/JPCNN027.png,label/JPCNN027.png
image/JPCLN041.png,label/JPCLN041.png
image/JPCLN065.png,label/JPCLN065.png
image/JPCNN076.png,label/JPCNN076.png
image/JPCLN010.png,label/JPCLN010.png
image/JPCLN122.png,label/JPCLN122.png
image/JPCLN008.png,label/JPCLN008.png
image/JPCLN017.png,label/JPCLN017.png
image/JPCLN098.png,label/JPCLN098.png
image/JPCNN071.png,label/JPCNN071.png
image/JPCLN120.png,label/JPCLN120.png
image/JPCNN037.png,label/JPCNN037.png
image/JPCLN048.png,label/JPCLN048.png
image/JPCNN053.png,label/JPCNN053.png
image/JPCLN138.png,label/JPCLN138.png
image/JPCNN091.png,label/JPCNN091.png
image/JPCNN023.png,label/JPCNN023.png
image/JPCLN044.png,label/JPCLN044.png
image/JPCLN118.png,label/JPCLN118.png
image/JPCLN116.png,label/JPCLN116.png
image/JPCNN025.png,label/JPCNN025.png
image/JPCNN040.png,label/JPCNN040.png
image/JPCLN082.png,label/JPCLN082.png
image/JPCLN057.png,label/JPCLN057.png
image/JPCLN092.png,label/JPCLN092.png
image/JPCLN015.png,label/JPCLN015.png
image/JPCLN086.png,label/JPCLN086.png
image/JPCLN069.png,label/JPCLN069.png
image/JPCLN136.png,label/JPCLN136.png
image/JPCNN003.png,label/JPCNN003.png
image/JPCNN039.png,label/JPCNN039.png
image/JPCLN064.png,label/JPCLN064.png
image/JPCNN081.png,label/JPCNN081.png
image/JPCLN147.png,label/JPCLN147.png
image/JPCNN051.png,label/JPCNN051.png
image/JPCLN023.png,label/JPCLN023.png
image/JPCLN074.png,label/JPCLN074.png
image/JPCNN069.png,label/JPCNN069.png
image/JPCLN135.png,label/JPCLN135.png
image/JPCNN074.png,label/JPCNN074.png
image/JPCNN038.png,label/JPCNN038.png
image/JPCLN131.png,label/JPCLN131.png
image/JPCNN060.png,label/JPCNN060.png
image/JPCLN107.png,label/JPCLN107.png
image/JPCLN080.png,label/JPCLN080.png
image/JPCLN033.png,label/JPCLN033.png
image/JPCLN115.png,label/JPCLN115.png
image/JPCNN064.png,label/JPCNN064.png
image/JPCLN101.png,label/JPCLN101.png
image/JPCLN039.png,label/JPCLN039.png
image/JPCLN027.png,label/JPCLN027.png
image/JPCLN045.png,label/JPCLN045.png
image/JPCNN044.png,label/JPCNN044.png
image/JPCLN084.png,label/JPCLN084.png
image/JPCNN089.png,label/JPCNN089.png
image/JPCLN100.png,label/JPCLN100.png
image/JPCNN019.png,label/JPCNN019.png
image/JPCNN083.png,label/JPCNN083.png
image/JPCLN073.png,label/JPCLN073.png
image/JPCNN035.png,label/JPCNN035.png
image/JPCLN025.png,label/JPCLN025.png
image/JPCNN001.png,label/JPCNN001.png
image/JPCLN005.png,label/JPCLN005.png
image/JPCNN078.png,label/JPCNN078.png
